﻿<?xml version="1.0" encoding="utf-8" ?>
<Package xmlns="http://schemas.myconstellation.io/Constellation/1.8/PackageManifest"
         Name="PackCamera"
         Version="1.4"
         Author="Jean Joulia"
         URL="http://www.mywebsite.com"
         Description="PackCamera Copyright ©  2017"
         EnableControlHub="false">
  <Compatibility constellationVersion="1.8" dotNetTargetPlatform="net45">
    <Platforms>
      <Platform id="Win32NT" isCompliant="false" />
      <Platform id="Unix" isCompliant="true" />
    </Platforms>
  </Compatibility>
  <Settings>
    <Setting name="Camera_Mode" type="String" isRequired="false" description="choisir entre USBCamera et PiCamera" defaultValue="USBCamera"/>
    <Setting name="pin" type="Int32" isRequired="false" description="pin de sorti pour les leds" defaultValue="17"/>
    <Setting name="chemin" type="String" isRequired="false" description="chemin d'acces" defaultValue="/var/www"/>
  </Settings>
</Package>