﻿<?xml version="1.0" encoding="utf-8" ?>
<Package xmlns="http://schemas.myconstellation.io/Constellation/1.8/PackageManifest"
         Name="BalancePackage"
         Version="1.0"
         Author="William"
         URL="http://www.mywebsite.com"
         Description="BalancePackage Copyright ©  2017"
         EnableControlHub="false">
  <Compatibility constellationVersion="1.8" dotNetTargetPlatform="net45">
    <Platforms>
      <Platform id="Win32NT" isCompliant="true" />
      <Platform id="Unix" isCompliant="true" />
    </Platforms>
  </Compatibility>
  <Settings>
    <Setting name="intervalle" type="Int32" isRequired ="true" description="Intervalle entre deux lecture de masse en millisecondes" defaultValue="500"></Setting>
  </Settings>
</Package>