﻿<?xml version="1.0" encoding="utf-8" ?>
<Package xmlns="http://schemas.myconstellation.io/Constellation/1.8/PackageManifest"
         Name="ConstellationPackageConsole2"
         Version="2.3"
         Author="padar"
         URL="http://www.mywebsite.com"
         Description="Package de l'intelligence pour le projet boite aux lettres"
         EnableControlHub="false">
  <Compatibility constellationVersion="1.8" dotNetTargetPlatform="net45">
    <Platforms>
      <Platform id="Win32NT" isCompliant="true" />
      <Platform id="Unix" isCompliant="true" />
    </Platforms>
  </Compatibility>
  <Settings>
    <Setting name="Seuil_lettre" type="Double" defaultValue="20" description="Le seuil CPU pour un avertissement."></Setting>
    <Setting name="Seuil_magazine" type="Double" defaultValue="50" description="Le seuil CPU pour un avertissement."></Setting>
    <Setting name="Seuil_colis" type="Double" defaultValue="70" description="Le seuil CPU pour un avertissement."></Setting>
    <Setting name="delta" type="Double" defaultValue="5" description="Le seuil CPU pour un avertissement."></Setting>
    <Setting name="enable_photo" type="Boolean" defaultValue="True" description="Voulez vous avoir une photo"></Setting>
    <Setting name="chemin_photo" type="String" defaultValue="/var/www" description="indiquez le répertoire où la photo sera enrengistrée"></Setting>
    <Setting name="chemin_archive" type="String" defaultValue="/var/www/html" description="indiquez le répertoire de l'archive"></Setting>
  </Settings>
</Package>